<?xml version="1.0" encoding="UTF-8"?>
<project-private xmlns="http://www.netbeans.org/ns/project-private/1">
    <editor-bookmarks xmlns="http://www.netbeans.org/ns/editor-bookmarks/2" lastBookmarkId="0"/>
    <open-files xmlns="http://www.netbeans.org/ns/projectui-open-files/2">
        <group>
            <file>file:/C:/Users/Freddy/OneDrive/LP2/2024-1/Laboratorio%2004/SolucionEjercicio04/MedicalSoftController/src/com/medicalsoft/infraestructura/mysql/SalaEspecializadaMySQL.java</file>
            <file>file:/C:/Users/Freddy/OneDrive/LP2/2024-1/Laboratorio%2004/SolucionEjercicio04/MedicalSoftController/src/com/medicalsoft/infraestructura/dao/SalaEspecializadaDAO.java</file>
        </group>
    </open-files>
</project-private>
